 {
  "pid" : 6228,
  "output_dir" : "process_6228",
  "dumped" : 
  {
   "total" : 5,
   "dumped" : 5
  },
  "dumps" : [
   {
    "module" : "400000",
    "module_size" : "9000",
    "dump_file" : "400000.a88d2d74d7359c8b74e1f85fa6fd4fbb.bin",
    "dump_mode" : "UNMAPPED",
    "is_shellcode" : 0,
    "status" : 1
   },
   {
    "module" : "30e67",
    "module_size" : "8199",
    "dump_file" : "30e67.exe",
    "dump_mode" : "VIRTUAL",
    "is_shellcode" : 0,
    "status" : 1
   },
   {
    "module" : "30000",
    "module_size" : "9000",
    "dump_file" : "30000.shc",
    "dump_mode" : "VIRTUAL",
    "is_shellcode" : 1,
    "status" : 1
   },
   {
    "module" : "409000",
    "module_size" : "b000",
    "dump_file" : "409000.shc",
    "dump_mode" : "VIRTUAL",
    "is_shellcode" : 1,
    "status" : 1
   },
   {
    "module" : "2f9b000",
    "module_size" : "13000",
    "dump_file" : "2f9b000.shc",
    "dump_mode" : "VIRTUAL",
    "is_shellcode" : 1,
    "status" : 1
   }
  ]
 }
