 {
  "pid" : 6228,
  "is_64_bit" : 0,
  "is_managed" : 0,
  "main_image_path" : "C:\\Users\\Administrator\\Desktop\\SmokeScreen\\Challenge\\Malware\\a88d2d74d7359c8b74e1f85fa6fd4fbb.bin",
  "used_reflection" : 0,
  "scanned" : 
  {
   "total" : 13,
   "skipped" : 0,
   "modified" : 
   {
    "total" : 4,
    "patched" : 0,
    "iat_hooked" : 0,
    "replaced" : 1,
    "hdr_modified" : 0,
    "implanted_pe" : 1,
    "implanted_shc" : 2,
    "unreachable_file" : 0,
    "other" : 0
   },
   "errors" : 0
  },
  "scans" : [
   {
    "headers_scan" : {
     "module" : "400000",
     "module_size" : "9000",
     "module_file" : "C:\\Users\\Administrator\\Desktop\\SmokeScreen\\Challenge\\Malware\\a88d2d74d7359c8b74e1f85fa6fd4fbb.bin",
     "status" : 1,
     "is_connected_to_peb" : 1,
     "is_pe_replaced" : 1,
     "dos_hdr_modified" : 1,
     "file_hdr_modified" : 1,
     "nt_hdr_modified" : 1,
     "ep_modified" : 1,
     "sec_hdr_modified" : 1
    }
   },
   {
    "workingset_scan" : {
     "module" : "30000",
     "module_size" : "9000",
     "status" : 1,
     "has_pe" : 1,
     "has_shellcode" : 1,
     "is_listed_module" : 0,
     "protection" : "40",
     "mapping_type" : "MEM_PRIVATE",
     "pe_artefacts" : {
      "pe_base_offset" : "e67",
      "nt_file_hdr" : "eeb",
      "sections_hdrs" : "fdf",
      "sections_count" : 1,
      "is_dll" : 0,
      "is_64_bit" : 0
     }
    }
   },
   {
    "workingset_scan" : {
     "module" : "409000",
     "module_size" : "b000",
     "status" : 1,
     "has_pe" : 0,
     "has_shellcode" : 1,
     "is_listed_module" : 0,
     "protection" : "20",
     "mapping_type" : "MEM_IMAGE",
     "mapped_name" : "C:\\Users\\Administrator\\Desktop\\SmokeScreen\\Challenge\\Malware\\a88d2d74d7359c8b74e1f85fa6fd4fbb.bin"
    }
   },
   {
    "workingset_scan" : {
     "module" : "2f9b000",
     "module_size" : "13000",
     "status" : 1,
     "has_pe" : 0,
     "has_shellcode" : 1,
     "is_listed_module" : 0,
     "protection" : "40",
     "mapping_type" : "MEM_PRIVATE"
    }
   }
  ]
 }
