 {
  "pid" : 5724,
  "is_64_bit" : 0,
  "is_managed" : 0,
  "main_image_path" : "C:\\Users\\Administrator\\Desktop\\SmokeScreen\\Challenge\\Malware\\Smoke\\other_samples\\fc20b03299b8ae91e72e104ee4f18e40125b2b061f1509d1c5b3f9fac3104934\\fc20b03299b8ae91e72e104ee4f18e40125b2b061f1509d1c5b3f9fac3104934",
  "used_reflection" : 0,
  "scanned" : 
  {
   "total" : 1,
   "skipped" : 0,
   "modified" : 
   {
    "total" : 1,
    "patched" : 0,
    "iat_hooked" : 0,
    "replaced" : 0,
    "hdr_modified" : 0,
    "implanted_pe" : 1,
    "implanted_shc" : 0,
    "unreachable_file" : 0,
    "other" : 0
   },
   "errors" : 0
  },
  "scans" : [
   {
    "workingset_scan" : {
     "module" : "400000",
     "module_size" : "c000",
     "status" : 1,
     "has_pe" : 1,
     "has_shellcode" : 0,
     "is_listed_module" : 0,
     "protection" : "40",
     "mapping_type" : "MEM_PRIVATE",
     "pe_artefacts" : {
      "pe_base_offset" : "0",
      "nt_file_hdr" : "84",
      "sections_hdrs" : "178",
      "sections_count" : 1,
      "is_dll" : 0,
      "is_64_bit" : 0
     }
    }
   }
  ]
 }
