 {
  "pid" : 4544,
  "output_dir" : "process_4544",
  "dumped" : 
  {
   "total" : 2,
   "dumped" : 2
  },
  "dumps" : [
   {
    "module" : "400000",
    "module_size" : "28d000",
    "dump_file" : "400000.discord_token134.bin",
    "tags_file" : "400000.discord_token134.bin.tag",
    "dump_mode" : "REALIGNED",
    "is_shellcode" : 0,
    "status" : 1
   },
   {
    "module" : "72a000",
    "module_size" : "16000",
    "dump_file" : "72a000.shc",
    "dump_mode" : "VIRTUAL",
    "is_shellcode" : 1,
    "status" : 1
   }
  ]
 }
