 {
  "pid" : 4544,
  "is_64_bit" : 0,
  "is_managed" : 0,
  "main_image_path" : "C:\\Users\\Administrator\\Desktop\\SmokeScreen\\Challenge\\Malware\\Smoke\\discord_token134.bin\\discord_token134.bin",
  "used_reflection" : 0,
  "scanned" : 
  {
   "total" : 13,
   "skipped" : 0,
   "modified" : 
   {
    "total" : 2,
    "patched" : 1,
    "iat_hooked" : 0,
    "replaced" : 0,
    "hdr_modified" : 0,
    "implanted_pe" : 0,
    "implanted_shc" : 1,
    "unreachable_file" : 0,
    "other" : 0
   },
   "errors" : 0
  },
  "scans" : [
   {
    "code_scan" : {
     "module" : "400000",
     "module_size" : "28d000",
     "module_file" : "C:\\Users\\Administrator\\Desktop\\SmokeScreen\\Challenge\\Malware\\Smoke\\discord_token134.bin\\discord_token134.bin",
     "status" : 1,
     "scanned_sections" : 1,
     "patches" : 10
    }
   },
   {
    "workingset_scan" : {
     "module" : "72a000",
     "module_size" : "16000",
     "status" : 1,
     "has_pe" : 0,
     "has_shellcode" : 1,
     "is_listed_module" : 0,
     "protection" : "40",
     "mapping_type" : "MEM_PRIVATE"
    }
   }
  ]
 }
