 {
  "pid" : 6016,
  "output_dir" : "process_6016",
  "dumped" : 
  {
   "total" : 2,
   "dumped" : 2
  },
  "dumps" : [
   {
    "module" : "400000",
    "module_size" : "2e3000",
    "dump_file" : "400000.754fd3f89dac97eb7d0c744a34ddf0ba.bin",
    "tags_file" : "400000.754fd3f89dac97eb7d0c744a34ddf0ba.bin.tag",
    "dump_mode" : "REALIGNED",
    "is_shellcode" : 0,
    "status" : 1
   },
   {
    "module" : "ab8000",
    "module_size" : "15000",
    "dump_file" : "ab8000.shc",
    "dump_mode" : "VIRTUAL",
    "is_shellcode" : 1,
    "status" : 1
   }
  ]
 }
