 {
  "pid" : 6016,
  "is_64_bit" : 0,
  "is_managed" : 0,
  "main_image_path" : "C:\\Users\\Administrator\\Desktop\\SmokeScreen\\Challenge\\Malware\\Smoke\\other_samples\\754fd3f89dac97eb7d0c744a34ddf0ba.bin\\754fd3f89dac97eb7d0c744a34ddf0ba.bin",
  "used_reflection" : 0,
  "scanned" : 
  {
   "total" : 20,
   "skipped" : 0,
   "modified" : 
   {
    "total" : 2,
    "patched" : 1,
    "iat_hooked" : 0,
    "replaced" : 0,
    "hdr_modified" : 0,
    "implanted_pe" : 0,
    "implanted_shc" : 1,
    "unreachable_file" : 0,
    "other" : 0
   },
   "errors" : 0
  },
  "scans" : [
   {
    "code_scan" : {
     "module" : "400000",
     "module_size" : "2e3000",
     "module_file" : "C:\\Users\\Administrator\\Desktop\\SmokeScreen\\Challenge\\Malware\\Smoke\\other_samples\\754fd3f89dac97eb7d0c744a34ddf0ba.bin\\754fd3f89dac97eb7d0c744a34ddf0ba.bin",
     "status" : 1,
     "scanned_sections" : 1,
     "patches" : 1
    }
   },
   {
    "workingset_scan" : {
     "module" : "ab8000",
     "module_size" : "15000",
     "status" : 1,
     "has_pe" : 0,
     "has_shellcode" : 1,
     "is_listed_module" : 0,
     "protection" : "40",
     "mapping_type" : "MEM_PRIVATE"
    }
   }
  ]
 }
